{
	"class_name" : "PinholeCameraParameters",
	"extrinsic" : 
	[
		0.27937954493852352,
		-0.17489008550546958,
		-0.94411891616566679,
		0.0,
		0.063068456331747985,
		-0.9778062182084204,
		0.19979331682735857,
		0.0,
		-0.95810721721834147,
		-0.11536228857315725,
		-0.26214900856056972,
		0.0,
		6.2445282777153466,
		152.2778562029616,
		1719.1535906326126,
		1.0
	],
	"intrinsic" : 
	{
		"height" : 1080,
		"intrinsic_matrix" : 
		[
			935.30743608719399,
			0.0,
			0.0,
			0.0,
			935.30743608719399,
			0.0,
			959.5,
			539.5,
			1.0
		],
		"width" : 1920
	},
	"version_major" : 1,
	"version_minor" : 0
}